{"/3":{"pname":"undefined","name":"pneu2.prt","anchors":{"ltf":[0.513164818237358,-0.2183701436723679,-0.4719436727655243,1],"ltk":[0.513164818237358,-0.2183701436723679,0.015193411436164705,1],"ltc":[0.513164818237358,-0.2183701436723679,-0.2283751306646798,1],"lbf":[0.513164818237358,-0.7054908548583904,-0.4719436727655243,1],"lbk":[0.513164818237358,-0.7054908548583904,0.015193411436164705,1],"lbc":[0.513164818237358,-0.7054908548583904,-0.2283751306646798,1],"lcf":[0.513164818237358,-0.4619304992653791,-0.4719436727655243,1],"lck":[0.513164818237358,-0.4619304992653791,0.015193411436164705,1],"lcc":[0.513164818237358,-0.4619304992653791,-0.2283751306646798,1],"rtf":[0.693444818237358,-0.2183701436723679,-0.4719436727655243,1],"rtk":[0.693444818237358,-0.2183701436723679,0.015193411436164705,1],"rtc":[0.693444818237358,-0.2183701436723679,-0.2283751306646798,1],"rbf":[0.693444818237358,-0.7054908548583904,-0.4719436727655243,1],"rbk":[0.693444818237358,-0.7054908548583904,0.015193411436164705,1],"rbc":[0.693444818237358,-0.7054908548583904,-0.2283751306646798,1],"rcf":[0.693444818237358,-0.4619304992653791,-0.4719436727655243,1],"rck":[0.693444818237358,-0.4619304992653791,0.015193411436164705,1],"rcc":[0.693444818237358,-0.4619304992653791,-0.2283751306646798,1],"ctf":[0.603304818237358,-0.2183701436723679,-0.4719436727655243,1],"ctk":[0.603304818237358,-0.2183701436723679,0.015193411436164705,1],"ctc":[0.603304818237358,-0.2183701436723679,-0.2283751306646798,1],"cbf":[0.603304818237358,-0.7054908548583904,-0.4719436727655243,1],"cbk":[0.603304818237358,-0.7054908548583904,0.015193411436164705,1],"cbc":[0.603304818237358,-0.7054908548583904,-0.2283751306646798,1],"ccf":[0.603304818237358,-0.4619304992653791,-0.4719436727655243,1],"cck":[0.603304818237358,-0.4619304992653791,0.015193411436164705,1],"ccc":[0.603304818237358,-0.4619304992653791,-0.2283751306646798,1]}},"/4":{"pname":"undefined","name":"pneu2.prt","anchors":{"ltf":[-0.679826929,-0.199114117178976,1.4432432296727873,1],"ltk":[-0.679826929,-0.199114117178976,1.9303639408588098,1],"ltc":[-0.679826929,-0.199114117178976,1.6868035852657985,1],"lbf":[-0.679826929,-0.686251201380665,1.4432432296727873,1],"lbk":[-0.679826929,-0.686251201380665,1.9303639408588098,1],"lbc":[-0.679826929,-0.686251201380665,1.6868035852657985,1],"lcf":[-0.679826929,-0.4426826592798205,1.4432432296727873,1],"lck":[-0.679826929,-0.4426826592798205,1.9303639408588098,1],"lcc":[-0.679826929,-0.4426826592798205,1.6868035852657985,1],"rtf":[-0.499546929,-0.199114117178976,1.4432432296727873,1],"rtk":[-0.499546929,-0.199114117178976,1.9303639408588098,1],"rtc":[-0.499546929,-0.199114117178976,1.6868035852657985,1],"rbf":[-0.499546929,-0.686251201380665,1.4432432296727873,1],"rbk":[-0.499546929,-0.686251201380665,1.9303639408588098,1],"rbc":[-0.499546929,-0.686251201380665,1.6868035852657985,1],"rcf":[-0.499546929,-0.4426826592798205,1.4432432296727873,1],"rck":[-0.499546929,-0.4426826592798205,1.9303639408588098,1],"rcc":[-0.499546929,-0.4426826592798205,1.6868035852657985,1],"ctf":[-0.589686929,-0.199114117178976,1.4432432296727873,1],"ctk":[-0.589686929,-0.199114117178976,1.9303639408588098,1],"ctc":[-0.589686929,-0.199114117178976,1.6868035852657985,1],"cbf":[-0.589686929,-0.686251201380665,1.4432432296727873,1],"cbk":[-0.589686929,-0.686251201380665,1.9303639408588098,1],"cbc":[-0.589686929,-0.686251201380665,1.6868035852657985,1],"ccf":[-0.589686929,-0.4426826592798205,1.4432432296727873,1],"cck":[-0.589686929,-0.4426826592798205,1.9303639408588098,1],"ccc":[-0.589686929,-0.4426826592798205,1.6868035852657985,1]}},"/5":{"pname":"undefined","name":"feuav2.prt","anchors":{"ltf":[-0.63393891,-0.14506662,1.9964776,1],"ltk":[-0.63393891,-0.14506662,2.2231257,1],"ltc":[-0.63393891,-0.14506662,2.10980165,1],"lbf":[-0.63393891,-0.22645833,1.9964776,1],"lbk":[-0.63393891,-0.22645833,2.2231257,1],"lbc":[-0.63393891,-0.22645833,2.10980165,1],"lcf":[-0.63393891,-0.185762475,1.9964776,1],"lck":[-0.63393891,-0.185762475,2.2231257,1],"lcc":[-0.63393891,-0.185762475,2.10980165,1],"rtf":[0.63393891,-0.14506662,1.9964776,1],"rtk":[0.63393891,-0.14506662,2.2231257,1],"rtc":[0.63393891,-0.14506662,2.10980165,1],"rbf":[0.63393891,-0.22645833,1.9964776,1],"rbk":[0.63393891,-0.22645833,2.2231257,1],"rbc":[0.63393891,-0.22645833,2.10980165,1],"rcf":[0.63393891,-0.185762475,1.9964776,1],"rck":[0.63393891,-0.185762475,2.2231257,1],"rcc":[0.63393891,-0.185762475,2.10980165,1],"ctf":[0,-0.14506662,1.9964776,1],"ctk":[0,-0.14506662,2.2231257,1],"ctc":[0,-0.14506662,2.10980165,1],"cbf":[0,-0.22645833,1.9964776,1],"cbk":[0,-0.22645833,2.2231257,1],"cbc":[0,-0.22645833,2.10980165,1],"ccf":[0,-0.185762475,1.9964776,1],"cck":[0,-0.185762475,2.2231257,1],"ccc":[0,-0.185762475,2.10980165,1]}},"/6":{"pname":"undefined","name":"base2.prt","anchors":{"ltf":[-0.73784065,0.34780517,-0.72469735,1],"ltk":[-0.73784065,0.34780517,2.309202,1],"ltc":[-0.73784065,0.34780517,0.792252325,1],"lbf":[-0.73784065,-0.58890247,-0.72469735,1],"lbk":[-0.73784065,-0.58890247,2.309202,1],"lbc":[-0.73784065,-0.58890247,0.792252325,1],"lcf":[-0.73784065,-0.12054864999999998,-0.72469735,1],"lck":[-0.73784065,-0.12054864999999998,2.309202,1],"lcc":[-0.73784065,-0.12054864999999998,0.792252325,1],"rtf":[0.73784065,0.34780517,-0.72469735,1],"rtk":[0.73784065,0.34780517,2.309202,1],"rtc":[0.73784065,0.34780517,0.792252325,1],"rbf":[0.73784065,-0.58890247,-0.72469735,1],"rbk":[0.73784065,-0.58890247,2.309202,1],"rbc":[0.73784065,-0.58890247,0.792252325,1],"rcf":[0.73784065,-0.12054864999999998,-0.72469735,1],"rck":[0.73784065,-0.12054864999999998,2.309202,1],"rcc":[0.73784065,-0.12054864999999998,0.792252325,1],"ctf":[0,0.34780517,-0.72469735,1],"ctk":[0,0.34780517,2.309202,1],"ctc":[0,0.34780517,0.792252325,1],"cbf":[0,-0.58890247,-0.72469735,1],"cbk":[0,-0.58890247,2.309202,1],"cbc":[0,-0.58890247,0.792252325,1],"ccf":[0,-0.12054864999999998,-0.72469735,1],"cck":[0,-0.12054864999999998,2.309202,1],"ccc":[0,-0.12054864999999998,0.792252325,1]}},"/7":{"pname":"undefined","name":"logo.prt","anchors":{"ltf":[-0.03200000200000011,-0.1935567444174914,2.308000000000001,1],"ltk":[-0.03200000200000011,-0.1935567444174914,2.312000000200001,1],"ltc":[-0.03200000200000011,-0.1935567444174914,2.3100000001000014,1],"lbf":[-0.03200000200000011,-0.25755674841749143,2.308000000000001,1],"lbk":[-0.03200000200000011,-0.25755674841749143,2.312000000200001,1],"lbc":[-0.03200000200000011,-0.25755674841749143,2.3100000001000014,1],"lcf":[-0.03200000200000011,-0.2255567464174914,2.308000000000001,1],"lck":[-0.03200000200000011,-0.2255567464174914,2.312000000200001,1],"lcc":[-0.03200000200000011,-0.2255567464174914,2.3100000001000014,1],"rtf":[0.03200000199999989,-0.1935567444174914,2.308000000000001,1],"rtk":[0.03200000199999989,-0.1935567444174914,2.312000000200001,1],"rtc":[0.03200000199999989,-0.1935567444174914,2.3100000001000014,1],"rbf":[0.03200000199999989,-0.25755674841749143,2.308000000000001,1],"rbk":[0.03200000199999989,-0.25755674841749143,2.312000000200001,1],"rbc":[0.03200000199999989,-0.25755674841749143,2.3100000001000014,1],"rcf":[0.03200000199999989,-0.2255567464174914,2.308000000000001,1],"rck":[0.03200000199999989,-0.2255567464174914,2.312000000200001,1],"rcc":[0.03200000199999989,-0.2255567464174914,2.3100000001000014,1],"ctf":[-1.1102230246251565e-16,-0.1935567444174914,2.308000000000001,1],"ctk":[-1.1102230246251565e-16,-0.1935567444174914,2.312000000200001,1],"ctc":[-1.1102230246251565e-16,-0.1935567444174914,2.3100000001000014,1],"cbf":[-1.1102230246251565e-16,-0.25755674841749143,2.308000000000001,1],"cbk":[-1.1102230246251565e-16,-0.25755674841749143,2.312000000200001,1],"cbc":[-1.1102230246251565e-16,-0.25755674841749143,2.3100000001000014,1],"ccf":[-1.1102230246251565e-16,-0.2255567464174914,2.308000000000001,1],"cck":[-1.1102230246251565e-16,-0.2255567464174914,2.312000000200001,1],"ccc":[-1.1102230246251565e-16,-0.2255567464174914,2.3100000001000014,1]}},